trait_id,chr,1,2,3,4,5,6,7,8,9,10,11,12,13,14,15,16,17,18,19,20,21,22,23,24,25,26,27,28,29,30,31,32,33,34,35,36
L0MQ04,autosomes,22.1557220574933,22.1720181753989,22.4992074787991,22.7181793367717,23.3933668084333,23.5168332800264,22.5627390864811,23.0987155285672,22.9933765761609,22.9770059580924,23.3034105425237,22.3511824402988,23.0984589294833,22.7503130051205,23.2529185270304,22.7519254276734,23.0743027464558,23.1406436762886,23.5512000556002,23.3751730939569,23.5291933515693,23.4931389629885,23.4900822082083,23.8863260959039,23.941964487049,23.8487044987471,23.850350297836,23.8030123073243,24.0466124916303,24.0748049052572,23.8810596156209,24.0482022370365,23.8288733095506,23.7652700782229,23.7003384510275,23.69804331881
P35381,autosomes,21.6350020490385,21.5874602935727,22.0053679879111,22.3931239501544,22.6146814093441,21.5397948235459,22.2780979461992,22.1669625401625,22.0359062774556,21.7174256916786,21.6036831762837,22.3457742261113,22.1554746057361,22.0217890585121,22.6055495292267,22.3423695879598,22.3885178438268,22.3276782512056,21.3430150618913,22.7147267634817,21.9999371690438,21.9283193305244,22.2579554539182,21.3744421956346,21.0297230855019,21.0421693097732,21.435417178033,21.406301818496,21.1702780934525,21.5454307355974,21.5346999960337,21.6369362329391,21.6680365053079,21.8359928515462,21.6741869127376,21.7285427843773
P08928,autosomes,21.206863568214,21.3799588423727,21.5792609970728,21.1721815608102,21.9630457729904,21.6856921904737,21.2389436785417,21.4248838221963,21.3828510119158,21.2623386555132,21.5994653322496,20.8751888173527,21.3678500105793,21.169989146347,20.9653991846054,20.3610403083162,20.9460954694134,20.8291857780915,21.2040550048125,18.4377257941157,21.2357386169583,21.1244458752823,20.549098137236,20.5900605531527,21.1159284949658,21.0473417989238,21.5654011441761,21.364915255793,21.5129096916548,21.658407304927,21.3811582374566,21.5520188135616,21.4538981540571,21.2071818634685,21.2118396245906,21.0518861882843
C8VV14,autosomes,21.0918592553797,21.479599429863,21.4517258193214,21.4993133217439,21.2911954604846,21.01077629434,21.2299990202598,21.2829911381959,21.3731726326804,21.1812372726614,21.1439024628055,21.1461560601239,21.9026941313927,21.7713673320818,22.0184075796721,21.6409321677098,21.866998276803,22.0227916041072,21.2850292362681,22.5511926911568,21.694308542004,21.3006455938961,22.2262965012513,21.657846830079,20.9004736970161,20.7832276336856,21.6079827771693,21.2344389510888,21.1138002838913,21.5201244141143,21.6019440798425,20.9487511042397,21.7472478931161,21.718847538557,21.3483059269937,21.5069148915095
P15007,autosomes,22.0182879758086,21.5600340881014,21.3128308694727,21.596439983259,20.8154934399833,21.0469618259623,21.5392380500465,21.4913348240272,21.4701524670277,21.4088312770137,21.1614615612783,21.5169502883314,21.7287554392126,21.7289207365059,21.9431516367808,21.7783408270083,21.8459693506472,22.0558661261056,21.4005504116296,22.4724013566597,21.8617575166834,21.6885818117741,21.9884457979446,21.3566390730374,21.0248574986442,21.1054192773235,21.2643403557288,21.2900242463926,21.1385810417677,21.2560709955915,21.6454642653395,21.146693822419,21.5469163232923,21.6281694869602,21.4312029292803,21.6141379286437
M9PBL3,autosomes,21.1594610590898,20.6773682142114,21.1785392571914,21.1123094733637,21.2305388560365,21.3910631999351,21.4251297330689,21.3949451108165,21.4916452521275,21.4991292416577,21.5059306798935,21.3092054735433,21.2074950413399,21.2954713463364,21.3029363922199,21.4210265018768,21.5757495562258,21.5527283821528,21.0266026606105,18.137418130923,21.0426158498622,21.0206480656498,20.4028398661416,20.2182816955799,20.5052329659842,20.6147095916085,20.6335387288798,21.0298036104283,21.0319288696549,20.7863845994591,20.4819499860309,20.7078933178684,20.7563183597717,20.7823740388561,21.2478088072497,21.0336120665709
O02649,chrX,20.5675952512565,20.4935245410174,20.4551749325128,20.2053757228354,20.0365205468667,20.5206975632371,20.3357580144644,20.2966828386124,20.5861027653003,20.4828559080218,20.4463262953273,19.968217687759,20.8525719389434,20.7265689914145,20.7239686200787,20.8268449598915,20.5887622821585,20.7121477748946,20.2651621741474,20.8231637796672,20.8068346241253,20.3682841936934,20.842414006148,20.599327418484,20.0350102525429,19.917558707645,20.401812043376,20.5630916757661,20.0541274323788,20.5675011757905,20.57858796917,20.4003272584879,20.992657783804,20.8179413792884,20.5006577089867,20.5615025538075
P11147,autosomes,20.7346800891895,20.1345607838724,20.5711819417007,20.8596007725136,20.4771120384231,20.3603568300609,21.1281188882813,20.6504396750067,20.7380208208538,20.6714540953557,20.4481355991567,20.8104366322329,20.7313264132848,20.8438932319427,21.028954262804,21.1341528501246,21.0939219004015,21.2014303374366,20.0779453214636,20.6573854661357,20.5499898067447,20.5943964706891,20.4589073215154,19.8519442462949,19.8539379124162,19.8624074233091,19.9281869820142,20.229730190635,19.9806949994325,20.1425235127393,20.0686782526906,20.2373969518411,20.2491581939735,20.4524237164726,20.4163685111663,20.3877172132533
P13607,autosomes,19.9629381271189,20.4313413920586,21.6545978638332,21.9936471585115,20.9009106187717,20.3077267232487,22.2016554129665,20.7208983850691,20.1271242254761,19.9967255154489,19.9185265951384,22.7799515901685,19.5176176119157,19.779753793318,18.9825812901889,22.2957658331927,19.437140917954,19.0198785378364,19.7288958981928,18.2018113112974,20.469063431626,19.5479522672889,18.920908101795,19.0084157864457,19.3579679709503,19.3743966629893,18.9414731924127,19.6708986318493,19.5108210316562,19.3945704943035,19.1226203416538,19.6854160790777,19.4996268444448,19.2883741088695,19.7780220589004,20.0810105138429
P54399,autosomes,21.1186402233526,21.221212395252,21.0215777149282,20.9455373481446,21.1139633228013,21.2012045840881,21.0338886409695,21.1326127750162,21.1574012813851,21.1251383092607,21.2428887122614,20.6923725584178,21.306526146621,21.1449599255763,20.955649498302,20.9011501206466,21.0783937812751,21.1459413603433,21.3716113157928,21.0552168553606,21.2295365987261,21.1059173417521,21.2113833858927,21.4243518754553,21.2571310120187,21.1886460083829,21.306763790333,21.273183260233,21.2566686330908,21.4197210364273,21.4520735458766,21.1918653088826,21.4272977110594,21.3214415994072,21.267376983223,21.2205792318712
